rank,page,bvid,title,author,play,danmaku,favorites,comments,duration,pubdate,url,scraped_at
1,1,BV14kkKBTEqA,ã€4Kè¶…æ¸…ã€‘Fate/strange Fake 01-05è¯,æ™“æœˆã®èˆ,206604,1640,3312,1639,179:35,2026-01-16T09:07:32.000Z,http://www.bilibili.com/video/av115903853299744,2026-02-06T04:57:53.680Z
2,1,BV1UK6nBgEz3,ã€ä¸­å­—Â·1080ã€‘Fate/strange Fake ç¬¬05è¯,è‰èå¨œ,441919,5071,4602,5071,25:7,2026-01-31T16:17:23.000Z,http://www.bilibili.com/video/av115990591441960,2026-02-06T04:57:53.680Z
3,1,BV1Zx421k7AZ,ã€(G)I-DLEã€‘'Fate' LIVE CLIP,i-dle_official,9417671,10419,238251,10419,2:55,2024-03-13T12:07:44.000Z,http://www.bilibili.com/video/av1751673477,2026-02-06T04:57:53.680Z
4,1,BV15N4y127K8,Fateè§‚çœ‹é¡ºåºï¼Ÿ10åˆ†é’Ÿè®²æ˜ç™½ï¼æœ€å…¨æœ€èŒæ–°çš„Fateç³»åˆ—å®‰åˆ©ï¼Œæœ€ä½³å…¥å‘æ—¶æœº,é‡è‰¯æ™Ÿ,2380868,7886,100655,7886,13:37,2023-11-26T04:00:00.000Z,http://www.bilibili.com/video/av876461042,2026-02-06T04:57:53.680Z
5,1,BV1G8zQBwENQ,4kä¸­å­—ã€Fate/strange Fakeã€‘ç¬¬1~5é›†,æ³¢å¥‡é…±çˆ±è¿½ç•ª,154186,1281,2153,1281,181:49,2026-01-25T08:27:12.000Z,http://www.bilibili.com/video/av115954755307455,2026-02-06T04:57:53.680Z
6,1,BV1YnfZBcENe,ã€Fate/strange Fakeã€‘å…¨12è¯ è¶…æ¸…ä¸­å­—ï¼ˆå‘¨æ›´ï¼‰ reaction,å°é¹¿ç¡ä¸é†’n,6959,10,114,10,167:13,2026-02-04T08:25:34.000Z,http://www.bilibili.com/video/av116011378415152,2026-02-06T04:57:53.680Z
7,1,BV1Kn6mB1Exh,ã€ä»é›¶çœ‹æ‡‚fsfã€‘è§é¢å°±æEAï¼æœ€æ ¸å¹³çš„åœ£æ¯æˆ˜äº‰ï¼Fateæ–°ä½œè®¾å®šè§£æ,ä¸­äºŒå°‘å¹´æ™“å‡¯,490585,1495,7655,1495,16:37,2026-01-10T09:10:34.000Z,http://www.bilibili.com/video/av115870013589787,2026-02-06T04:57:53.680Z
8,1,BV16NrjBEEjv,ã€Šfateã€‹å¥‡å¼‚èµå“å¼€æ’­äº†ï¼Œæ¥çœ‹çœ‹å·²ç»ç™»åœºçš„ä¸ƒä½è‹±çµï¼Œå„ä¸ªéƒ½æ˜¯ç‹ è§’è‰²,å¯»å¿ƒä½¿è€…,179196,506,751,506,12:49,2026-01-13T22:10:00.000Z,http://www.bilibili.com/video/av115888585968133,2026-02-06T04:57:53.680Z
9,1,BV18CfoB4ELF,ã€ä¸­å­—Â·1080ã€‘Fate/strange Fake ç¬¬01è¯,è‰èå¨œ,30215,94,380,94,26:7,2026-02-04T11:13:43.000Z,http://www.bilibili.com/video/av116012049629585,2026-02-06T04:57:53.680Z
10,1,BV1WefdBCEJd,ã€4Ké‡åˆ¶ã€‘Fate/strange Fake ç¬¬2-5è¯ï¼ˆå‘¨æ›´ï¼‰,æ¨±çœ æœªé†’,8087,21,95,21,122:44,2026-02-04T10:00:00.000Z,http://www.bilibili.com/video/av116010724104763,2026-02-06T04:57:53.680Z
11,1,BV1ZL411B7rU,ã€ŠFateã€‹æœ€ä½³è§‚çœ‹é¡ºåº å…¥å‘å¿…çœ‹ï¼Œå»ºè®®ç‚¹èµæ”¶è—ï¼,æ˜”è¿,661356,348,30420,348,1:46,2023-05-23T03:27:13.000Z,http://www.bilibili.com/video/av443941132,2026-02-06T04:57:53.680Z
12,1,BV1et6UBfE4w,ã€ä¸­å­—Â·1080ã€‘Fate/strange Fake ç¬¬02è¯,è‰èå¨œ,1280082,6015,17078,6015,25:7,2026-01-10T16:19:36.000Z,http://www.bilibili.com/video/av115871691309337,2026-02-06T04:57:53.680Z
13,1,BV1aeSJBvEiF,ã€ğŸ’ğŠğŸ”ğŸğ…ğğ’ã€‘ã€ŠFate stay night UBW ã€‹åå¤§æˆ˜æ–—åœºé¢ç›˜ç‚¹,å…‰å½±å›é¡¾,97448,654,1978,654,47:57,2025-12-01T10:40:00.000Z,http://www.bilibili.com/video/av115628656626129,2026-02-06T04:57:53.680Z
14,1,BV1s6rDBpEc7,ã€ä¸­å­—Â·1080ã€‘Fate/strange Fake ç¬¬03è¯,è‰èå¨œ,718252,6088,7731,6088,25:7,2026-01-17T16:14:27.000Z,http://www.bilibili.com/video/av115911302316144,2026-02-06T04:57:53.680Z
15,1,BV1dtfoBiEbk,fsn hfçº¿è·¯ç»å…¸æœªå’Œè°ç‰‡æ®µâ€œæˆ‘ä¸æ˜¯å¤„å¥³â€è¿™æ¬¡ä¸æ‹¿æ¸¸æˆå¯¹æ¯”ï¼Œå’±ä»¬ç”¨æ¼«ç”»å¯¹æ¯”çœ‹çœ‹ï¼Œé¡»è—¤å¤§ä½çš„ç‰ˆæœ¬ä¸ºä»€ä¹ˆè®©æˆ‘æ„Ÿåˆ°æ¶å¿ƒ,SHIROUç¥çˆ¶,49189,48,522,48,5:50,2026-02-04T11:05:05.000Z,http://www.bilibili.com/video/av116012015946938,2026-02-06T04:57:53.680Z
16,1,BV1BTr5BuEFQ,ã€è¶…æ¸…/ä¸­å­—ã€‘Fate/strange Fake ç¬¬01-02è¯,èŠ±å¤§å”Baymax,183481,1416,2465,1416,66:33,2026-01-14T08:00:00.000Z,http://www.bilibili.com/video/av115887461892261,2026-02-06T04:57:53.680Z
17,1,BV1ms64BHEGL,ã€Fate- strange- Fakeã€‘05,åŠ¨æ¼«é“¥é“¥,4568,2,81,2,33:13,2026-02-01T09:58:50.000Z,http://www.bilibili.com/video/av115994768971356,2026-02-06T04:57:53.680Z
18,1,BV1QA6nBGERU,ã€Fate/strange Fakeã€‘ç¬¬5é›† ä¸­å­—,Jè¯ºå…°,33026,268,293,268,35:23,2026-01-31T16:10:42.000Z,http://www.bilibili.com/video/av115990557890002,2026-02-06T04:57:53.680Z
19,1,BV1C34y1p7ts,ä¸€å£æ°”çœ‹å®Œï¼ŒFate/stay nightï¼å‘½è¿ä¹‹å¤œï¼,èŠ™èŠ™å®¶çš„æ´—ç¢—å›,598588,2938,6928,2938,28:54,2022-07-03T01:50:45.000Z,http://www.bilibili.com/video/av813124677,2026-02-06T04:57:53.680Z
20,1,BV1wxrQBQEXf,ã€ŒFate/strange Fakeã€ç¬¬3è¯,æ–—ç¥ä¸€ç¬‘ç²‰,25285,248,196,248,27:14,2026-01-17T15:33:06.000Z,http://www.bilibili.com/video/av115911134551796,2026-02-06T04:57:53.680Z
21,2,BV1546xBwEG2,ã€4Kè¶…æ¸…ã€‘Fate SF ç¬¬5è¯,æ™“æœˆã®èˆ,37569,278,252,278,39:52,2026-02-01T03:21:11.000Z,http://www.bilibili.com/video/av115993191908726,2026-02-06T04:57:53.680Z
22,2,BV1e4bKzcEnv,Fateåˆ å‡ååœºé¢ Saberååœºé¢ç¾è€»play Cå¦ˆè°ƒæ•™,å¾¡å‚å¤§å°å§,961728,64,13389,64,1:17,2025-08-10T14:22:57.000Z,http://www.bilibili.com/video/av115004896581901,2026-02-06T04:57:53.680Z
23,2,BV1DE411w7Sq,ã€å…¨ç¨‹é«˜ç‡ƒã€‘å‰æ–¹é«˜èƒ½ï¼è‹±çµå®å…·å±•å¼€ï¼ï¼,-Feeyoung-,15608993,46993,433447,46993,3:16,2020-03-22T15:28:38.000Z,http://www.bilibili.com/video/av98274179,2026-02-06T04:57:53.680Z
24,2,BV1T2iqBVEZL,ã€FGOã€‘è®©æˆ‘åº·åº·ï¼ç¬¬ä¸‰æœŸ,KeinTon07,146929,63,6041,63,0:57,2026-01-03T11:50:46.000Z,http://www.bilibili.com/video/av115831006562440,2026-02-06T04:57:53.680Z
25,2,BV1aqzyBVENa,ã€ä¸­å­—Â·1080ã€‘Fate/strange Fake ç¬¬04è¯,è‰èå¨œ,614239,5500,6490,5500,25:7,2026-01-24T16:22:07.000Z,http://www.bilibili.com/video/av115950946878494,2026-02-06T04:57:53.680Z
26,2,BV17W411N7YX,ã€Fate/stay nightã€‘çœŸå®è¡¥é­”ç°åœº,gugugu214,1309211,2306,7386,2306,13:43,2018-06-01T22:14:03.000Z,http://www.bilibili.com/video/av24257492,2026-02-06T04:57:53.680Z
27,2,BV1Ss411o7Fo,ã€720pã€‘å¹»æƒ³å˜‰å¹´å 1-12åˆé›† SP+EX,Vegettoé…±,767660,39212,22651,39212,240:58,2014-01-07T10:05:20.000Z,http://www.bilibili.com/video/av902356,2026-02-06T04:57:53.680Z
28,2,BV1XJ4m1u7q8,ä¸€å£æ°”çœ‹å®Œã€Šfateã€‹,å…­èŠ±çˆ±åŠ¨æ¼«-,159467,447,2017,447,48:43,2024-06-25T13:58:09.000Z,http://www.bilibili.com/video/av1255899794,2026-02-06T04:57:53.680Z
29,2,BV1Ti6WB7EDJ,ã€è¶…æ¸… ä¸­å­—ã€‘Fate/strange Fake ç¬¬5è¯,èŠ±å¤§å”Baymax,8934,39,74,39,32:50,2026-02-01T00:27:34.000Z,http://www.bilibili.com/video/av115992520819834,2026-02-06T04:57:53.680Z
30,2,BV16h4y1F7eV,[Fate/FGO/åŸå”±] å®å…·å±•å¼€ï¼å…¨æ–‡èƒŒè¯µï¼Œå‰ªè¾‘å°ç™½ä¸€æšï¼Œè¯·ç»™fateç‚¹æµé‡ã€‚,Alexé˜¿æ£®,761688,481,18000,481,4:25,2023-08-07T09:42:55.000Z,http://www.bilibili.com/video/av616988568,2026-02-06T04:57:53.680Z
31,2,BV1fvFvzjENF,fateç»ˆå±€ç‰¹å¼‚ç‚¹æœ€åä¸€æˆ˜ï¼Œæ‰€æœ‰è‹±çµè„±ç¦»è‹±çµæ®¿ï¼Œåªä¸ºå¤ºå›æœªæ¥ï¼,uuç´«ç½—å…°,428,0,1,0,24:41,2026-02-05T12:25:52.000Z,http://www.bilibili.com/video/av116017988829661,2026-02-06T04:57:53.680Z
32,2,BV1VwhbzYEPt,ã€ä¸­æ–‡å­—å¹•ã€‘ç¬¬1è¯ ç»™ç‹è´¢ä¸Šå‹åŠ›ä¹‹äººæ˜¯...ã€Fate/Grand Order è—¤ä¸¸ç«‹é¦™å•¥éƒ½ä¸çŸ¥é“  ç¬¬ä¸‰å­£ã€,å°å¼ºå‡Œå‡ŒæŸ’,631050,814,8326,814,2:37,2025-08-02T04:28:53.000Z,http://www.bilibili.com/video/av114957265930284,2026-02-06T04:57:53.680Z
33,2,BV1zb6nBsE8a,1æœˆã€Fate/strange Fakeã€ç¬¬5è¯,å¤œé£å‡¯ç‘,9015,5,15,5,27:25,2026-01-31T15:13:42.000Z,http://www.bilibili.com/video/av115990339787410,2026-02-06T04:57:53.680Z
34,2,BV1X4WDzgEe7,å‘½è¿ä¹‹å¤œ06ç‰ˆï¼ˆFateçº¿ï¼‰åŠ¨ç”»ä¸æ¸¸æˆCGå¯¹æ¯”,ä¿¡å¥½å‡¯,109277,122,842,122,4:3,2025-10-21T00:42:17.000Z,http://www.bilibili.com/video/av115409344864156,2026-02-06T04:57:53.680Z
35,2,BV1gx6JBBEn5,ã€Fate/strange Fakeã€‘ç¬¬5è¯,ç‘ ç’ƒã®åœ°çƒ,591,0,2,0,38:39,2026-01-31T16:45:29.000Z,http://www.bilibili.com/video/av115990692108205,2026-02-06T04:57:53.680Z
36,2,BV1KsFNzrETV,ã€Fate/strange Fakeã€‘å…¨12è¯ è¶…æ¸…ä¸­å­—ï¼ˆå‘¨æ›´ï¼‰ reaction,bç«™è€è¡¥ç‹ä¸‰ä¸–,8611,15,195,15,213:1,2026-02-02T10:35:26.000Z,http://www.bilibili.com/video/av116000557105536,2026-02-06T04:57:53.680Z
37,2,BV1es411D7Py,ã€å¹»æƒ³å˜‰å¹´åã€‘ fateéƒ¨åˆ†å…¨å‰ªè¾‘ï¼å…¨ç¨‹æ¬¢ä¹å¤§çˆ†ç¬‘,å¤•é¡ç´«,2326118,65762,86675,65762,45:44,2015-04-30T08:06:30.000Z,http://www.bilibili.com/video/av2271748,2026-02-06T04:57:53.680Z
38,2,BV1GCffBNEvR,ã€è®©æˆ‘çœ‹çœ‹ä½ çš„çœŸé¢ç›®ï¼ã€‘Fateæç¬‘åœ£æ¯æˆ˜äº‰ï¼ˆç¬¬å…«å¹•ï¼‰,é›¾éšæ™“æœˆ,43890,781,1247,781,13:23,2026-02-04T15:03:40.000Z,http://www.bilibili.com/video/av116012955538618,2026-02-06T04:57:53.680Z
39,2,BV1B14y1d7Pz,ã€4k/60å¸§/FSFã€‘é‡‘é—ªé—ªVSæ©å¥‡éƒ½ï¼Œç«åŠ›å…¨å¼€ï¼å®å…·æ¿€æƒ…å¯¹è½°ï¼ä¼ªåœ£æ¯æˆ˜äº‰çœŸç¥ä»™æ‰“æ¶ï¼,å¤©å†ä½‘æˆ‘ç©ºåŸ,4316026,4982,62796,4982,5:52,2023-07-03T02:07:27.000Z,http://www.bilibili.com/video/av785383689,2026-02-06T04:57:53.680Z
40,2,BV1bYFezZELM,ã€fateä¸å¿ƒç†å­¦ã€‘ç»ˆæˆ˜æ˜¯å­¤ç‹¬çš„æœåœ£ï¼Œå­¦ä¹ äººç”Ÿå¤§è€ƒçš„å¿ƒæ³•,æ¸…å¤CyanSommer,250,0,13,0,16:50,2026-02-05T14:04:37.000Z,http://www.bilibili.com/video/av116018391290981,2026-02-06T04:57:53.680Z
41,3,BV1kH6nBFEFK,ã€strange Fake Fateã€ç¬¬5è¯,KAYGEZ,84732,639,503,639,31:56,2026-01-31T15:14:53.000Z,http://www.bilibili.com/video/av115990356560641,2026-02-06T04:57:53.680Z
42,3,BV1us411h7BQ,[Fate/ ç¾¤åƒ]èº«ä¸ºå‰‘æˆï¼Œè¡€å¦‚é’¢é“.Unlimited Blade Workï¼,Chouhenå›,4629607,17166,119704,17166,5:2,2017-01-11T10:44:42.000Z,http://www.bilibili.com/video/av7958227,2026-02-06T04:57:53.680Z
43,3,BV15Gz1BJEJu,Fate/strange Fake ç¬¬4è¯ 4Kå®Œæ•´ç‰ˆ,bili_50803439092,3173,4,4,4,48:1,2026-01-24T13:12:09.000Z,http://www.bilibili.com/video/av115950225459548,2026-02-06T04:57:53.680Z
44,3,BV1eC6pBXEbC,4kä¸­å­—ã€Fate/strange Fakeã€‘ç¬¬5é›†,4kè¶…æ¸…è¡¥ç•ª,3170,18,26,18,33:43,2026-02-01T02:08:44.000Z,http://www.bilibili.com/video/av115992889922661,2026-02-06T04:57:53.680Z
45,3,BV1iy64BBErV,Fate/strange Fake åŠ¨ç”»ç¬¬äº”é›†å‰§æƒ…è§£è¯´ å¤§é‡å‰§æƒ…è¡¥å…… ç‰¹æ®ŠèŒä»‹å®ˆæœ›è€…ç™»åœº å±…ç„¶ç”»äº†æ©™å­çš„ç”»é¢,å®è´è™,104298,924,786,924,21:53,2026-02-01T09:05:28.000Z,http://www.bilibili.com/video/av115994550863834,2026-02-06T04:57:53.680Z
46,3,BV1VZ6JB2E3Q,ã€1æœˆã€‘Fate/strange Fake ç¬¬5è¯ã€ä¸­æ–‡å­—å¹•ã€‘,ç•ªå‰§æ›´æ–°å§¬,3016,19,37,19,25:12,2026-01-31T16:41:17.000Z,http://www.bilibili.com/video/av115990675393527,2026-02-06T04:57:53.680Z
47,3,BV1ux6JBBE2y,Fate/strange Fake  ç¬¬5è¯ ç®€ä¸­,å°å°åœ¨è¿½ç•ª,2822,15,15,15,36:10,2026-01-31T16:44:03.000Z,http://www.bilibili.com/video/av115990692108482,2026-02-06T04:57:53.680Z
48,3,BV1MbFaz9EK3,æªé˜¶çš„ä¼Šè‰é›…ç©¿ä¸Šç‹—å“¥çš„è¡£æœæœ‰ç‚¹å¯çˆ±,ç”±æ¥çš„ç§‘æ™®,9325,0,32,0,13:7,2026-02-05T10:26:45.000Z,http://www.bilibili.com/video/av116017535781660,2026-02-06T04:57:53.680Z
49,3,BV12uzyBaE8m,ã€é‡‘é—ªé—ªvsèµ«æ‹‰å…‹å‹’æ–¯vså¸Œæ³¢å•å¿’ã€  ä¸‰æ–¹æ··æˆ˜ï¼Œè¿™ä½œç”»å¤ªç‚¸è£‚äº†,è™šç©º52012138,154811,347,754,347,19:24,2026-01-24T17:15:14.000Z,http://www.bilibili.com/video/av115951181762695,2026-02-06T04:57:53.680Z
50,3,BV1ax41177Uy,ã€1080P/BDripã€‘å¹»æƒ³å˜‰å¹´åï¼ˆå…¨ç¯‡+EX+SP+Fate/Prototypeï¼‰ã€ç™¾åº¦é²é‚¦ä¸‰ä¸–å§å­—å¹•ç»„ã€‘,é­¯é‚¦åä¸–,1763247,16734,84992,16734,263:48,2017-10-27T09:16:05.000Z,http://www.bilibili.com/video/av15758014,2026-02-06T04:57:53.680Z
51,3,BV1Ef4y137cb,ã€4K120å¸§æ”¶è—çº§ã€‘è‡ªæ¸²æŸ“Fate HFçº¿æœ€ç‡ƒ é»‘å‘†vsRå§ å¯¹æˆ˜,ç‰ç‰¹Newt,2133771,2642,49601,2642,13:30,2021-08-11T09:29:11.000Z,http://www.bilibili.com/video/av292312157,2026-02-06T04:57:53.680Z
52,3,BV1Yb411T7Gn,ã€Šfateï¼stay night ubwã€‹-OPã€ŒBrave Shineã€ï¼ˆå®Œæ•´ç‰ˆï¼‰,äºšç‘ŸKingsley,2073546,783,42879,783,4:16,2019-04-09T11:32:17.000Z,http://www.bilibili.com/video/av48810495,2026-02-06T04:57:53.680Z
53,3,BV1sbf9BuEvc,ã€FSF reactionã€‘ 05 çœŸè‹±çµé€æ¸å‡ºç°ï¼Œè¿™å±Šåœ£æ¯æˆ˜äº‰æƒ…å†µé¢‘å‡ºå•Š,BriefMeteor,1602,1,9,1,29:4,2026-02-04T02:05:35.000Z,http://www.bilibili.com/video/av116009885243302,2026-02-06T04:57:53.680Z
54,3,BV1EN411s739,ã€Fateã€‘å¼ºå¦‚é¬¼ç¥ï¼Ÿï¼ç›˜ç‚¹ è§£æçº¢Açš„çœŸå®å®åŠ›ç©¶ç«Ÿå¦‚ä½•ï¼,æ¿€èŒã®å •é…±,1394584,1775,11474,1775,10:28,2023-10-26T19:18:44.000Z,http://www.bilibili.com/video/av492736913,2026-02-06T04:57:53.680Z
55,3,BV1ob421e7C9,ã€fateé—²èŠã€‘fateåŠ¨ç”»å²ä¸Šå››åœºå·…å³°ä¹‹ä½œï¼Œå“ªå®¶å…¬å¸æœ€æ‡‚fateï¼ŒUFOã€CWã€A1ã€é“¶é“¾ï¼Œç‡ƒåˆ°ä¸‹é¥­,å¾¡å‰‘é£æ¥çš„å­”æ˜,402154,2397,5624,2397,26:49,2024-06-15T07:32:17.000Z,http://www.bilibili.com/video/av1805523751,2026-02-06T04:57:53.680Z
56,3,BV1UdFAzrEWY,fateä½œå“ä¸‹çš„è§’è‰²å˜æˆå´©é“ç”»é£ä¼šæ€ä¹ˆæ ·ï¼ˆç¬¬å››æœŸï¼‰,æ¯”è€å¸ˆ,14981,37,359,37,2:11,2026-02-02T05:49:46.000Z,http://www.bilibili.com/video/av115999449810089,2026-02-06T04:57:53.680Z
57,4,BV1jz42117ZM,ã€TOP20ã€‘Fateç³»åˆ—ä¸»é¢˜æ›²äººæ°”æ’è¡Œæ¦œï¼ç¬¬ä¸€åæ˜¯å®ƒï¼Ÿ,éŸ³ä¹é¥­å›,575680,3596,13250,3596,36:12,2024-04-11T11:10:00.000Z,http://www.bilibili.com/video/av1352896515,2026-02-06T04:57:53.680Z
58,4,BV1SP6nBrEUH,ã€Fate/strange Fakeä¸­å­—ã€‘ç¬¬5é›† æ˜æ˜Ÿè¡¨æ¼”è€…ã€ŠçœŸæ‰“ã€‹ä»¬çš„ç››å®´,æ’’æ¸¸æˆæ—¶é—´åˆ°äº†,19402,89,150,89,28:37,2026-01-31T16:21:34.000Z,http://www.bilibili.com/video/av115990608218720,2026-02-06T04:57:53.680Z
59,4,BV1D3zEBNEjV,æˆ‘ç”·ç¥æ¥äº†ï¼Œå«é‡‘é‡éšç€ç»ˆç« ç›´çº¿ä¸Šå‡ï¼Œç¡¬æ‰›äº†ä¸‰ä¸ªå† ä½ï¼ã€Šfateã€‹,å®å®å˜Ÿå˜Ÿæ‰“é›·é¢,9966,5,68,5,10:38,2026-01-21T12:14:19.000Z,http://www.bilibili.com/video/av115933012037522,2026-02-06T04:57:53.680Z
60,4,BV1XF6nB5EP9,ã€Fate/strange Fakeã€‘ç¬¬5è¯,å€é€ŸåŠ¨æ¼«ç¤¾,597,3,2,3,31:40,2026-01-31T16:36:27.000Z,http://www.bilibili.com/video/av115990658548963,2026-02-06T04:57:53.680Z
61,4,BV1m76pB6Egn,ã€4Kç®€ä¸­ã€‘Fate/strange Fake ç¬¬5è¯,æ¨±çœ æœªé†’,22509,248,140,248,31:14,2026-01-31T17:55:40.000Z,http://www.bilibili.com/video/av115990960542243,2026-02-06T04:57:53.680Z
62,4,BV1mNzyBNERr,ã€ä¸­å­—ã€‘Fate/strange Fake 04è¯ã€1080Pã€‘,å¤æ—¥å¹»å¬MCE,177622,976,1775,976,25:12,2026-01-24T16:22:08.000Z,http://www.bilibili.com/video/av115950963662401,2026-02-06T04:57:53.680Z
63,4,BV1Ks411w7EV,ã€åˆé›†ã€‘Fate/stay night 06ç‰ˆ å‘½è¿/åœé©»ä¹‹å¤œ (24è¯å…¨) (å›½è¯­é…éŸ³),èåŒ–æ™‚å…‰,379695,2539,9476,2539,562:58,2018-08-01T04:09:15.000Z,http://www.bilibili.com/video/av28169490,2026-02-06T04:57:53.680Z
64,4,BV1joziBtEMc,å–œå¤šå·å°è¯•å¥³ä¸Šä½ï¼Œå·®ç‚¹èµ°ç«ä¸Šå’äº†,å®¶ä½ç±³å…°çš„å°é“åŒ ,259649,28,1780,28,1:33,2026-01-27T00:00:00.000Z,http://www.bilibili.com/video/av115962422497602,2026-02-06T04:57:53.680Z
65,4,BV11x411w7FM,[OVA] Fate/Prototype 1080P [æ¾„ç©º&é­”æœ¯å·¥æˆ¿&åç›Ÿ],è‰²ç¦½,1947168,17055,79032,17055,12:13,2015-01-06T17:28:39.000Z,http://www.bilibili.com/video/av1866435,2026-02-06T04:57:53.680Z
66,4,BV1sVffBREs9,å§«ä¹ƒãˆã“ã´ fsf ç¬¬5è¯ reaction,å§‹æºé«˜æ¾ç¯,744,0,12,0,23:51,2026-02-04T15:18:51.000Z,http://www.bilibili.com/video/av116013005868199,2026-02-06T04:57:53.680Z
67,4,BV1cX4y1e7ov,â€œå°½æƒ…é«˜æ­Œå§ï¼Œåœ¨è¿™åœºå……æ–¥è™šå‡çš„åœ£æ¯æˆ˜äº‰ä¹‹ä¸­ï¼â€,_å‚‘å‚‘èŒ_,3135202,3766,91534,3766,2:36,2023-07-09T01:59:00.000Z,http://www.bilibili.com/video/av358152879,2026-02-06T04:57:53.680Z
68,4,BV1Bx411P7AP,ã€å²è¯—å‘/éœ‡æ’¼/MADã€‘åœ£æ¯ç¥è¯â€”fate zero/stay night,å¯‚å¯é£å°˜,2537070,25759,122102,25759,4:56,2014-10-31T21:57:58.000Z,http://www.bilibili.com/video/av1672141,2026-02-06T04:57:53.680Z
69,4,BV1U46hBiEJJ,Fate strange Fake  02,æ´¾æ°´æœ,97,0,0,0,23:40,2026-02-01T16:45:53.000Z,http://www.bilibili.com/video/av115996346025166,2026-02-06T04:57:53.680Z
70,5,BV1UXqwBLEYx,ä»å–„è‰¯ä½é…ç‰ˆå«å®«åˆ‡å—£ï¼Œåˆ°å‡»å ç¥æ˜çš„ç ´å±€è€…ï¼è¥¿æ ¼ç›ä¸ºä½•æ˜¯FSFçš„æš—é¢ä¸»è§’ï¼Ÿã€äººç‰©å¿—#7ã€‘,å®Œå‹’Linew,224595,692,2356,692,7:27,2026-01-06T09:20:53.000Z,http://www.bilibili.com/video/av115847397972710,2026-02-06T04:57:53.680Z
71,5,BV1466UBDEZK,ã€2026å¹´1æœˆã€‘Fate/strange Fake OPã€ŒPROVANTã€,ãã•ã®ãƒŸã‚½ãƒ©,34409,9,166,9,1:29,2026-01-10T14:40:39.000Z,http://www.bilibili.com/video/av115871288658125,2026-02-06T04:57:53.680Z
72,5,BV1Nx75zCE78,fateç³»åˆ—ç›®å‰ä¸ºæ­¢æœ€å¼ºçš„ç¥ä»™æ‰“æ¶äº†ï¼Œæ²¡ä¸€ä¸ªå¼±çš„,æ™šå®‰åŠ¨æ¼«è§£è¯´,144994,160,832,160,12:44,2025-05-29T14:33:18.000Z,http://www.bilibili.com/video/av114591556181008,2026-02-06T04:57:53.680Z
73,5,BV1a7411e77A,ã€fate/å‰å°”ä¼½ç¾ä»€/é‡‘é—ªé—ªã€‘é»„é‡‘ä¹‹ç‹ã€å»ºè®®ä½©æˆ´è€³æœº030 ã€‘,Rokuya_å•µå•µå•µè èå“’,1723260,7373,67407,7373,3:30,2020-01-22T08:54:42.000Z,http://www.bilibili.com/video/av84557226,2026-02-06T04:57:53.680Z
74,5,BV1H1421S7uq,ã€4K èˆå°ã€‘(G)I-DLEã€Š FATE ã€‹KBS 20240322,LiLiDance,432202,212,5104,212,3:8,2024-03-23T01:33:58.000Z,http://www.bilibili.com/video/av1552173017,2026-02-06T04:57:53.680Z
75,5,BV1V9zuB1EJc,ã€4Kç®€ä¸­ã€‘Fate/strange Fake ç¬¬1è¯ï¼ˆå‘¨æ›´ï¼‰,é»‘ç™½Reitetsu,3429,9,33,9,39:27,2026-01-23T14:38:35.000Z,http://www.bilibili.com/video/av115944890373944,2026-02-06T04:57:53.680Z
76,5,BV1GjFTzREYJ,ä¸ºäº†ä¸è®©saberæ¶ˆå¤±ï¼Œå£«éƒç”¨æœ€åŸå§‹çš„æ–¹æ³•ä¼ é­”saber,è‚†å·å½±è§†,182,0,0,0,13:36,2026-02-02T13:34:10.000Z,http://www.bilibili.com/video/av116001278530672,2026-02-06T04:57:53.680Z
77,5,BV1xUFBzPEND,Poker  Fateâ€”12,C-andX,3,0,0,0,54:32,2026-02-05T21:22:52.000Z,http://www.bilibili.com/video/av116020102567260,2026-02-06T04:57:53.680Z
78,5,BV1dh4y1Z7AC,ä½ è§è¿‡æœ‰å¥½è…¹è‚Œçš„å¥³coserå˜›?ã€FATEå‘½è¿å† ä½æŒ‡å®š ç‰è—»å‰æ³³è£… COSPLAY æ‘„å½±èŠ±çµ®ã€‘,åƒä»£æ•å„¿,505064,165,15662,165,2:46,2023-07-11T08:45:02.000Z,http://www.bilibili.com/video/av658368171,2026-02-06T04:57:53.680Z
79,5,BV1xw4Uz8E8Y,ã€é¡¶çº§4K/Hi-Resã€‘The Fate Of Ophelia - Taylor Swift è¶…é«˜æ¸…MV é«˜å“è´¨ç”»è´¨,danilie,157110,109,3786,109,3:59,2025-10-13T16:54:25.000Z,http://www.bilibili.com/video/av115367854741349,2026-02-06T04:57:53.680Z
80,5,BV1XMmPBJEuW,ã€FGOã€‘è®©æˆ‘åº·åº·ï¼,KeinTon07,138737,102,9276,102,0:57,2025-12-07T14:32:21.000Z,http://www.bilibili.com/video/av115678753327774,2026-02-06T04:57:53.680Z
81,5,BV1CAFezEEk4,ã€Fate/strange Fake  ç¬¬5è¯   æ›´å¤šäººç‰‡æ®µã€‘è€å¤–ååº”æ··å‰ª&â€œå‘ä¼—ç¥å¤ä»‡ï¼â€,é›¶å¼RE,552,0,2,0,3:40,2026-02-05T15:30:14.000Z,http://www.bilibili.com/video/av116018726835511,2026-02-06T04:57:53.680Z
82,5,BV13MzDBtE42,Fateå‰å°”ä¼½ç¾ä»€VSèµ«æ‹‰å…‹å‹’æ–¯çš„å¤šéƒ¨åŠ¨ç”»äº¤æ‰‹åˆé›†,æ’’æ¸¸æˆæ—¶é—´åˆ°äº†,23810,5,91,5,17:15,2026-01-25T03:01:56.000Z,http://www.bilibili.com/video/av115953497080878,2026-02-06T04:57:53.680Z
83,5,BV1XR4y1V7ph,ä½ ä»¬è¦çš„fateè§‚çœ‹é¡ºåºæ¥å’¯ï¼,å‘†æ¯›æº,1143608,154,38449,154,1:47,2022-02-26T03:22:13.000Z,http://www.bilibili.com/video/av339296805,2026-02-06T04:57:53.680Z
84,5,BV1Jk87zkEXY,ä¸€å£æ°”çœ‹å®Œä¸‰éƒ¨ã€ŠFateã€‹ç³»åˆ—ï¼Œç‡ƒçƒ§å§ ç»è´¹ï¼,é‡‘ç‘æ¼«è§£,27554,80,424,80,77:11,2025-07-28T04:55:43.000Z,http://www.bilibili.com/video/av114929029881833,2026-02-06T04:57:53.680Z
85,5,BV1H9k4BJEzp,Fateä¸­çš„é¡¶çº§ååœºé¢ï¼Œå‘†æ¯›ç‹Saberæœ€å±ˆè¾±çš„æ—¶åˆ»...,æ¼«å‰§ä¼˜é€‰ç«™,509651,252,5748,252,18:23,2026-01-18T12:46:43.000Z,http://www.bilibili.com/video/av115916167713029,2026-02-06T04:57:53.680Z
86,5,BV1BVb7zBERT,ã€å°è‹Asmrã€‘Fateâ™¥saberå‘†æ¯›ç‹cosğŸ’™å´©é“ è¶…èˆ’é€‚~ï¼æ£‰ç­¾æè€³&è•¾ä¸æ‰‹å¥—æ‘¸è€³&æ¯›å·¾æ‘©æ“¦â€”Hiresæ— æŸ,å…°å…°å°è‹Freesia,141510,118,4848,118,26:48,2025-08-15T12:00:00.000Z,http://www.bilibili.com/video/av115029693173678,2026-02-06T04:57:53.680Z
87,5,BV165411Q7rf,ã€ˆFateã€‰å½’è¿˜åœ£å‰‘    å¾ç‹ç¾å¦‚ç”»,ä¸­äºŒã®ä¸å±‘,2078409,660,27277,660,2:45,2022-06-05T13:33:44.000Z,http://www.bilibili.com/video/av469711278,2026-02-06T04:57:53.680Z
88,6,BV1hA6nBVErA,å‘½é‹ å¥‡ç•°è´—å“ã€Fate/strange Fakeã€ç¬¬5è¯,å°æŸ”è¿½ç•ª,8040,83,49,83,33:12,2026-01-31T16:09:06.000Z,http://www.bilibili.com/video/av115990558016920,2026-02-06T04:57:53.680Z
89,6,BV1zs4y1D77s,ä¸€å£æ°”çœ‹å®Œã€åœ£æ¯æˆ˜äº‰å…¨ç³»åˆ—ã€‘ï¼æ¯å…­åå¹´ä¸€æ¬¡çš„åœ£æ¯æˆ˜äº‰å³å°†å¼€å§‹ï¼Œè‹±çµä»è€…ä»¬éƒ½å°†ä¸ºæ¢¦æƒ³è€Œæˆ˜ï¼,å’•å’šæ¼«èˆ,908023,4492,41535,4492,600:1,2023-03-29T14:54:55.000Z,http://www.bilibili.com/video/av994294025,2026-02-06T04:57:53.680Z
90,6,BV19x411k7js,FATEæœ€ç‡ƒçš„10åœºæˆ˜æ–— [60FPS],ç‹è€…ä¹‹å°Šä¸¥,3021459,15383,44567,15383,20:22,2017-03-04T22:31:11.000Z,http://www.bilibili.com/video/av8975323,2026-02-06T04:57:53.680Z
91,6,BV1tf421q7Za,ã€TOP30ã€‘Fateç³»åˆ—æ­Œæ›²å…¨çƒäººæ°”æ’è¡Œæ¦œï¼Œä½ å–œæ¬¢çš„ä¸Šæ¦œäº†å—ï¼Ÿ,æ¢¦ç»¯ä¸–,274807,2099,8805,2099,49:43,2024-07-10T09:50:00.000Z,http://www.bilibili.com/video/av1206204592,2026-02-06T04:57:53.680Z
92,6,BV1UZ4y1x78o,ä¸ƒåˆ†é’Ÿå›å‘³FATEæœ€éœ‡æ’¼çš„æˆ˜æ–— é»‘Saber VS Berserker ä¹‹è§†è§‰ç››å®´,å¥¶èŒ¶ä¸ƒåˆ†ç³–ä¸·,588084,1192,10016,1192,7:12,2020-04-16T09:15:37.000Z,http://www.bilibili.com/video/av370332150,2026-02-06T04:57:53.680Z
93,6,BV1AV411C7BV,ã€FATEåŠ¨ç”»ã€‘ç©FGOçš„Saberæ¡‘ 02,çƒ­é¦Šé¦Š,1029349,3391,47217,3391,4:40,2020-05-15T07:00:48.000Z,http://www.bilibili.com/video/av413225440,2026-02-06T04:57:53.680Z
94,6,BV1xMz1YkETo,ã€4K èˆå°ã€‘(G)Iâ€DLEã€Š LATATA+HANN+LION+TOMBOY+Queencard+Fate ã€‹MMA 20241130,LiLiDance,291214,554,6162,554,14:35,2024-12-03T08:27:29.000Z,http://www.bilibili.com/video/av113587741787874,2026-02-06T04:57:53.680Z
95,6,BV1PmFLziE74,å¤§å¸æ˜¯å”¯ä¸€è®©é‡‘é—ªé—ªå¼€å±€å°±æ‹”ä¹–ç¦»å‰‘çš„äººï¼,å°ç”Ÿä¸æ‰g,4119,0,5,0,14:7,2026-02-03T12:34:03.000Z,http://www.bilibili.com/video/av116006697567975,2026-02-06T04:57:53.680Z
96,6,BV1AhFzzvEYo,ã€Fate & Availableã€‘9  çˆ±ä¸½ä¸è·Œçš„ç²‰ç¢ï¼ˆï¼‰,æ‹‰æ™®å…°å¾·å°å§å“‡,141,0,11,0,51:4,2026-02-06T04:28:38.000Z,http://www.bilibili.com/video/av116021780285960,2026-02-06T04:57:53.680Z
97,7,BV18t4y1U7Db,ã€Fate/å…¨ç³»åˆ—/ç‡ƒå‘ã€‘å…¨å‘˜å¼€å¤§!!!æ„Ÿå—è¿™åœºFateå·…å³°ç››å®´å§!!,ä»™å°å¿—ç·’ç†,197038,997,6960,997,7:18,2020-04-11T12:08:35.000Z,http://www.bilibili.com/video/av625202537,2026-02-06T04:57:53.680Z
98,7,BV1svFazUEHF,TaylorÂ·Swift-ã€ŒThe fate of Opheliaã€       ã€ŠThe life of a show girlã€‹,Sev_AS,10,0,0,0,3:47,2026-02-05T11:17:13.000Z,http://www.bilibili.com/video/av116017736975393,2026-02-06T04:57:53.680Z
99,7,BV1UYnEzNEqY,æ¨±æ˜¯æœ€å¹²å‡€çš„å¥½å¥³å­©,é’ˆå¸å¾ˆå¤§,103701,23,620,23,2:50,2025-09-27T08:54:01.000Z,http://www.bilibili.com/video/av115275395503415,2026-02-06T04:57:53.680Z
100,7,BV18KHseaEKQ,æˆ‘ä¹Ÿæƒ³çœ‹å‘†æ¯›ç‹å¥ç¡•çš„èƒ¸è‚Œ,é¢¨äº¦ç„¶,90403,22,1425,22,3:6,2024-09-03T11:04:50.000Z,http://www.bilibili.com/video/av113073285300801,2026-02-06T04:57:53.680Z